iso2,year,disease
AD,1993,15
AD,1994,24
AD,1996,8
AD,1997,17
AD,1998,1
AD,1999,4
AD,2000,1
AD,2001,3
AD,2002,2
AD,2003,7
AD,2004,3
AD,2005,5
AD,2006,8
AD,2007,2
AD,2008,3
AE,1999,31
AE,2000,73
AE,2001,69
AE,2002,57
AE,2003,77
AE,2004,57
AE,2005,62
AE,2006,52
AE,2007,56
AE,2008,50
AF,1997,618
AF,1998,1833
AF,1999,1669
AF,2000,2892
AF,2001,4639
AF,2002,6509
AF,2003,6510
AF,2004,8273
AF,2005,9949
AF,2006,12468
AF,2007,13213
AF,2008,13136
AG,1996,2
AG,1999,1
AG,2000,3
AG,2001,1
AG,2002,2
AG,2003,1
AG,2005,6
AG,2006,4
AG,2007,2
AG,2008,1
AI,1995,0
AI,1997,0
AI,2001,0
AI,2002,0
AI,2004,0
AI,2006,0
AI,2007,0
AL,1994,250
AL,1995,139
AL,1996,173
AL,1997,241
AL,1998,212
AL,1999,168
AL,2000,171
AL,2001,171
AL,2002,225
AL,2003,211
AL,2004,201
AL,2005,196
AL,2006,186
AL,2007,165
AL,2008,170
AM,1994,319
AM,1995,436
AM,1996,327
AM,1997,400
AM,1998,475
AM,1999,576
AM,2000,621
AM,2001,572
AM,2002,511
AM,2003,575
AM,2004,602
AM,2005,581
AM,2006,580
AM,2007,497
AM,2008,487
AN,1996,3
AN,1997,5
AN,1998,6
AN,1999,2
AN,2000,2
AN,2001,7
AN,2002,9
AN,2003,4
AN,2004,8
AN,2006,5
AO,1993,4874
AO,1994,4337
AO,1995,3804
AO,1996,8016
AO,1997,8246
AO,1998,7333
AO,1999,7379
AO,2000,9053
AO,2001,11923
AO,2002,18087
AO,2003,18971
AO,2004,20301
AO,2005,20410
AO,2006,21499
AO,2007,21422
AO,2008,22562
AR,1993,5937
AR,1994,5696
AR,1995,5698
AR,1996,5787
AR,1997,5307
AR,1998,5186
AR,1999,4830
AR,2000,4749
AR,2001,5595
AR,2002,5498
AR,2003,4961
AR,2004,4760
AR,2005,4709
AR,2006,4834
AR,2007,4985
AR,2008,4758
AS,1993,1
AS,1994,4
AS,1996,0
AS,1997,6
AS,1998,2
AS,1999,3
AS,2000,2
AS,2001,2
AS,2002,1
AS,2003,2
AS,2004,2
AS,2005,3
AS,2006,3
AS,2007,0
AS,2008,0
AT,1995,467
AT,1996,442
AT,1997,434
AT,1998,381
AT,1999,323
AT,2000,324
AT,2001,262
AT,2002,220
AT,2003,269
AT,2004,216
AT,2005,234
AT,2006,213
AT,2007,189
AU,1993,557
AU,1997,226
AU,1998,203
AU,1999,285
AU,2000,251
AU,2001,228
AU,2002,210
AU,2003,113
AU,2004,285
AU,2005,241
AU,2006,269
AU,2007,281
AU,2008,299
AZ,1993,499
AZ,1994,513
AZ,1995,669
AZ,1996,990
AZ,1997,981
AZ,1998,727
AZ,1999,763
AZ,2000,890
AZ,2001,927
AZ,2002,1661
AZ,2003,1161
AZ,2004,1472
AZ,2005,1561
AZ,2006,1454
AZ,2007,1356
AZ,2008,1409
BA,1995,865
BA,1996,927
BA,1997,803
BA,1998,640
BA,1999,786
BA,2000,759
BA,2001,800
BA,2002,526
BA,2003,493
BA,2004,889
BA,2005,640
BA,2006,562
BA,2007,737
BA,2008,509
BB,1995,3
BB,1996,3
BB,1997,5
BB,1998,4
BB,1999,2
BB,2000,3
BB,2001,6
BB,2002,5
BB,2004,19
BB,2006,4
BB,2007,8
BB,2008,1
BD,1993,18993
BD,1994,1710
BD,1995,20524
BD,1996,29674
BD,1997,33117
BD,1998,37737
BD,1999,37821
BD,2000,38484
BD,2001,40777
BD,2002,46811
BD,2003,53618
BD,2004,62694
BD,2005,84848
BD,2006,101967
BD,2007,104296
BD,2008,106373
BE,1993,484
BE,1994,427
BE,1995,400
BE,1996,364
BE,1997,434
BE,1998,418
BE,1999,403
BE,2000,409
BE,2001,472
BE,2002,419
BE,2003,362
BE,2004,391
BE,2005,380
BE,2006,343
BE,2007,322
BE,2008,311
BF,1994,561
BF,1995,1028
BF,1996,1381
BF,1997,1126
BF,1998,1331
BF,1999,1411
BF,2000,1560
BF,2001,1522
BF,2002,1544
BF,2003,1703
BF,2004,1926
BF,2005,2294
BF,2006,2659
BF,2007,2614
BF,2008,2756
BG,1994,3096
BG,1995,1087
BG,1996,903
BG,1997,1037
BG,1998,1325
BG,1999,1697
BG,2000,2524
BG,2001,897
BG,2002,1007
BG,2003,1254
BG,2004,1315
BG,2005,1214
BG,2006,1307
BG,2007,1080
BG,2008,1020
BH,1993,82
BH,1995,17
BH,1996,31
BH,1997,22
BH,1998,25
BH,1999,21
BH,2000,23
BH,2001,23
BH,2002,17
BH,2003,16
BH,2004,69
BH,2005,101
BH,2006,98
BH,2007,109
BH,2008,141
BI,1993,1861
BI,1994,1527
BI,1995,1121
BI,1996,1533
BI,1997,2022
BI,1998,2782
BI,1999,2924
BI,2001,3040
BI,2002,2791
BI,2003,3087
BI,2004,3277
BI,2005,3262
BI,2006,3119
BI,2007,3595
BI,2008,3610
BJ,1993,1653
BJ,1994,1618
BJ,1995,1839
BJ,1996,1868
BJ,1997,1939
BJ,1998,1988
BJ,1999,2192
BJ,2000,2286
BJ,2002,2415
BJ,2003,2438
BJ,2004,2582
BJ,2005,2739
BJ,2006,2943
BJ,2008,2966
BM,1995,2
BM,1996,0
BM,1998,0
BM,1999,0
BM,2000,0
BM,2001,0
BM,2002,0
BM,2004,0
BM,2006,2
BN,1993,68
BN,1997,0
BN,1999,102
BN,2000,84
BN,2001,95
BN,2002,112
BN,2003,121
BN,2004,115
BN,2005,101
BN,2006,128
BN,2007,136
BN,2008,132
BO,1993,6833
BO,1994,6905
BO,1995,7010
BO,1996,6949
BO,1997,6458
BO,1998,6750
BO,1999,6673
BO,2000,6458
BO,2001,6672
BO,2002,6829
BO,2003,6344
BO,2004,6213
BO,2005,6278
BO,2006,5788
BO,2007,5686
BO,2008,6048
BR,1994,39167
BR,1995,45650
BR,1996,44503
BR,1997,43490
BR,1998,43554
BR,1999,41619
BR,2000,41186
BR,2001,38478
BR,2002,41371
BR,2003,39938
BR,2004,42881
BR,2005,42093
BR,2006,41117
BR,2007,38444
BR,2008,37697
BS,1993,41
BS,1994,41
BS,1995,38
BS,1996,25
BS,1997,57
BS,1998,30
BS,1999,37
BS,2000,56
BS,2002,32
BS,2003,29
BS,2004,37
BS,2007,32
BS,2008,31
BT,1994,352
BT,1995,367
BT,1996,308
BT,1997,284
BT,1998,270
BT,1999,315
BT,2000,347
BT,2001,359
BT,2002,364
BT,2003,360
BT,2004,356
BT,2005,308
BT,2006,312
BT,2007,328
BT,2008,351
BW,1993,1508
BW,1994,1668
BW,1995,1903
BW,1996,2530
BW,1997,2824
BW,1998,3112
BW,1999,2746
BW,2000,3091
BW,2001,3057
BW,2002,3334
BW,2003,3050
BW,2004,3127
BW,2005,3170
BW,2006,3252
BW,2007,3002
BW,2008,3351
BY,1993,1493
BY,1994,1775
BY,1995,1845
BY,1996,2117
BY,1997,2273
BY,1998,5047
BY,1999,2769
BY,2000,2547
BY,2001,2341
BY,2003,1018
BY,2004,1109
BY,2005,1235
BY,2006,1072
BY,2007,1051
BY,2008,1060
BZ,1993,50
BZ,1994,36
BZ,1995,36
BZ,1996,46
BZ,1997,32
BZ,1998,52
BZ,1999,48
BZ,2000,44
BZ,2001,53
BZ,2002,71
BZ,2003,62
BZ,2004,34
BZ,2005,59
BZ,2006,60
BZ,2007,54
BZ,2008,83
CA,1980,951
CA,1981,803
CA,1982,812
CA,1983,771
CA,1984,811
CA,1985,791
CA,1986,752
CA,1987,668
CA,1988,682
CA,1989,652
CA,1990,549
CA,1991,543
CA,1992,506
CA,1993,488
CA,1994,483
CA,1995,436
CA,1996,430
CA,1997,473
CA,1998,438
CA,1999,455
CA,2000,492
CA,2001,458
CA,2002,408
CA,2003,332
CA,2004,438
CA,2005,433
CA,2006,407
CA,2007,463
CA,2008,488
CD,1993,14924
CD,1995,20914
CD,1996,24125
CD,1997,24609
CD,1998,33442
CD,1999,34923
CD,2000,36123
CD,2001,42054
CD,2002,44518
CD,2003,53578
CD,2004,62192
CD,2005,65040
CD,2006,63488
CD,2007,66099
CD,2008,69477
CF,1995,1794
CF,1996,1992
CF,1997,2267
CF,1998,2637
CF,1999,2725
CF,2001,1382
CF,2002,2758
CF,2003,2818
CF,2004,2923
CF,2005,2153
CF,2006,4448
CF,2008,4232
CG,1994,1691
CG,1995,2013
CG,1996,2505
CG,1997,1984
CG,1998,2044
CG,1999,2222
CG,2000,4218
CG,2001,4319
CG,2002,5019
CG,2003,3477
CG,2004,4121
CG,2005,3640
CG,2006,3340
CG,2007,3552
CG,2008,3371
CH,1993,528
CH,1994,507
CH,1995,185
CH,1996,172
CH,1997,144
CH,1998,165
CH,1999,98
CH,2000,118
CH,2001,116
CH,2002,123
CH,2003,107
CH,2004,119
CH,2005,108
CH,2006,112
CH,2007,95
CH,2008,64
CI,1993,7012
CI,1995,8254
CI,1996,8927
CI,1997,9093
CI,1998,9850
CI,1999,10047
CI,2000,8497
CI,2001,10920
CI,2002,11026
CI,2003,11430
CI,2004,12250
CI,2005,12496
CI,2006,12867
CI,2007,14071
CI,2008,15294
CK,1980,8
CK,1981,2
CK,1982,12
CK,1983,15
CK,1984,3
CK,1985,8
CK,1986,3
CK,1987,2
CK,1988,0
CK,1989,2
CK,1990,0
CK,1991,1
CK,1992,6
CK,1993,5
CK,1994,4
CK,1995,2
CK,1996,1
CK,1997,2
CK,1998,0
CK,1999,0
CK,2000,0
CK,2001,2
CK,2002,1
CK,2003,0
CK,2004,1
CK,2005,1
CK,2006,0
CK,2008,2
CL,1993,2629
CL,1994,1951
CL,1995,1561
CL,1996,1562
CL,1997,1582
CL,1998,1576
CL,1999,1497
CL,2000,1290
CL,2001,1355
CL,2002,1412
CL,2003,1276
CL,2004,1297
CL,2005,1186
CL,2006,1533
CL,2007,1166
CL,2008,1114
CM,1993,2316
CM,1994,1883
CM,1995,2896
CM,1996,2312
CM,1997,3548
CM,1998,4374
CM,1999,5832
CM,2000,3960
CM,2001,4695
CM,2002,7921
CM,2003,10692
CM,2004,11218
CM,2005,13001
CM,2006,12870
CM,2007,13220
CM,2008,14232
CN,1993,84898
CN,1994,104729
CN,1995,134488
CN,1996,203670
CN,1997,236021
CN,1998,202817
CN,1999,201775
CN,2000,204765
CN,2001,204591
CN,2002,194972
CN,2003,267414
CN,2004,384886
CN,2005,472719
CN,2006,468291
CN,2007,465877
CN,2008,462596
CO,1993,6987
CO,1994,6532
CO,1995,7530
CO,1996,7572
CO,1997,6090
CO,1998,6969
CO,1999,8329
CO,2000,8358
CO,2001,8022
CO,2002,7787
CO,2003,7972
CO,2004,7640
CO,2005,6870
CO,2006,7648
CO,2007,7188
CO,2008,7196
CR,1994,230
CR,1995,245
CR,1996,302
CR,1997,320
CR,1998,353
CR,1999,458
CR,2000,349
CR,2001,385
CR,2002,328
CR,2003,346
CR,2004,419
CR,2005,330
CR,2006,285
CR,2007,322
CR,2008,287
CU,1993,565
CU,1994,914
CU,1995,834
CU,1996,835
CU,1997,765
CU,1998,746
CU,1999,720
CU,2000,675
CU,2001,559
CU,2002,540
CU,2003,507
CU,2004,453
CU,2005,467
CU,2006,432
CU,2007,432
CU,2008,498
CV,1995,111
CV,1996,117
CV,1997,103
CV,1998,104
CV,2001,140
CV,2002,111
CV,2003,165
CV,2004,169
CV,2005,135
CV,2006,131
CV,2007,158
CV,2008,197
CY,1995,6
CY,1996,3
CY,1997,19
CY,1998,20
CY,1999,9
CY,2000,4
CY,2001,0
CY,2002,8
CY,2003,14
CY,2004,10
CY,2005,9
CY,2006,8
CY,2007,8
CY,2008,6
CZ,1993,548
CZ,1994,524
CZ,1995,487
CZ,1996,586
CZ,1997,481
CZ,1998,545
CZ,1999,449
CZ,2000,420
CZ,2001,391
CZ,2002,329
CZ,2003,338
CZ,2004,302
CZ,2005,308
CZ,2006,257
CZ,2007,267
CZ,2008,251
DE,1993,4730
DE,1994,4177
DE,1995,3852
DE,1996,3689
DE,1997,3346
DE,1998,3124
DE,1999,2918
DE,2000,0
DE,2001,1935
DE,2002,1868
DE,2003,1679
DE,2004,1562
DE,2005,1379
DE,2006,1303
DE,2007,1183
DE,2008,954
DJ,1993,1668
DJ,1994,1743
DJ,1996,1744
DJ,1997,1904
DJ,1998,1690
DJ,1999,1564
DJ,2000,1391
DJ,2001,1312
DJ,2002,1253
DJ,2003,1202
DJ,2004,1086
DJ,2005,1120
DJ,2006,1153
DJ,2007,1208
DJ,2008,1375
DK,1993,243
DK,1994,120
DK,1995,128
DK,1996,97
DK,1997,114
DK,1998,132
DK,1999,172
DK,2000,171
DK,2001,127
DK,2002,135
DK,2003,143
DK,2004,146
DK,2005,129
DK,2006,123
DK,2007,135
DK,2008,106
DM,1993,6
DM,1994,8
DM,1995,5
DM,1996,7
DM,1997,5
DM,1998,5
DM,2002,2
DM,2006,8
DM,2007,3
DM,2008,3
DO,1993,2297
DO,1994,3177
DO,1995,2787
DO,1996,3733
DO,1997,3162
DO,1998,2669
DO,1999,3278
DO,2000,2907
DO,2001,2622
DO,2002,2179
DO,2003,2806
DO,2004,2720
DO,2005,2949
DO,2006,2658
DO,2007,2373
DO,2008,2458
DZ,1994,6793
DZ,1995,5735
DZ,1996,6556
DZ,1997,7740
DZ,1998,7462
DZ,1999,7845
DZ,2000,8328
DZ,2001,7953
DZ,2002,8246
DZ,2003,8549
DZ,2004,8285
DZ,2005,8654
DZ,2006,8538
DZ,2007,8439
DZ,2008,8643
EC,1993,5325
EC,1994,6674
EC,1995,5890
EC,1996,6426
EC,1997,7214
EC,1998,4900
EC,1999,4300
EC,2000,5064
EC,2001,4439
EC,2002,4223
EC,2003,4488
EC,2004,4340
EC,2005,3048
EC,2006,3182
EC,2007,3448
EC,2008,3380
EE,1993,303
EE,1994,347
EE,1995,369
EE,1996,240
EE,1997,269
EE,1998,299
EE,1999,274
EE,2000,255
EE,2001,212
EE,2002,203
EE,2003,201
EE,2004,203
EE,2005,162
EE,2006,147
EE,2007,168
EE,2008,144
EG,1994,1811
EG,1995,4229
EG,1996,5084
EG,1997,5469
EG,1998,4915
EG,1999,5094
EG,2000,4606
EG,2001,4514
EG,2002,4889
EG,2003,5118
EG,2004,5383
EG,2005,5217
EG,2006,4745
EG,2007,4887
EG,2008,5102
ER,1997,120
ER,1998,135
ER,1999,527
ER,2000,590
ER,2001,702
ER,2002,646
ER,2003,887
ER,2004,720
ER,2005,687
ER,2006,680
ER,2007,694
ER,2008,839
ES,1995,2605
ES,1998,1906
ES,2000,3423
ES,2001,2456
ES,2002,3317
ES,2003,2876
ES,2004,2082
ES,2005,2511
ES,2006,2006
ES,2007,2317
ES,2008,2333
ET,1994,5752
ET,1995,9040
ET,1996,13160
ET,1997,15957
ET,1998,18864
ET,1999,21597
ET,2000,30510
ET,2001,33028
ET,2002,36541
ET,2003,39698
ET,2004,41430
ET,2005,38525
ET,2006,36674
ET,2007,38040
ET,2008,40794
FI,1995,244
FI,1996,240
FI,1997,186
FI,1998,188
FI,1999,179
FI,2000,205
FI,2001,150
FI,2002,130
FI,2003,138
FI,2004,124
FI,2005,130
FI,2006,84
FI,2007,85
FI,2008,104
FJ,1984,82
FJ,1985,99
FJ,1986,86
FJ,1987,75
FJ,1988,65
FJ,1989,76
FJ,1990,84
FJ,1991,75
FJ,1992,75
FJ,1993,61
FJ,1994,62
FJ,1995,68
FJ,1996,69
FJ,1997,66
FJ,1998,74
FJ,1999,65
FJ,2000,62
FJ,2001,73
FJ,2002,74
FJ,2003,78
FJ,2004,62
FJ,2005,63
FJ,2006,73
FJ,2007,52
FJ,2008,78
FM,1995,9
FM,1996,14
FM,1997,9
FM,1998,14
FM,2000,15
FM,2001,8
FM,2002,22
FM,2003,26
FM,2004,35
FM,2005,32
FM,2006,41
FM,2007,47
FM,2008,38
FR,1993,4455
FR,1994,3196
FR,1995,3449
FR,1996,3002
FR,1997,2430
FR,1999,2325
FR,2000,1815
FR,2001,2398
FR,2002,2276
FR,2003,2219
FR,2004,1923
FR,2005,1941
FR,2006,1911
FR,2007,1921
FR,2008,1222
GA,1994,395
GA,1995,486
GA,1996,263
GA,1997,577
GA,1998,889
GA,1999,916
GA,2001,1137
GA,2002,1033
GA,2003,1233
GA,2004,1323
GA,2005,1042
GA,2006,1145
GA,2007,1462
GA,2008,1502
GB,1993,283
GB,1994,270
GB,1996,4147
GB,1997,844
GB,1998,1342
GB,1999,797
GB,2000,1204
GB,2001,946
GB,2002,1365
GB,2003,1455
GB,2004,1693
GB,2005,1821
GB,2006,1767
GB,2007,1639
GB,2008,1286
GD,1993,0
GD,1994,3
GD,1995,2
GD,1996,0
GD,1997,1
GD,1998,2
GD,1999,3
GD,2000,0
GD,2002,0
GD,2003,2
GD,2004,2
GD,2006,1
GD,2007,3
GD,2008,5
GE,1995,221
GE,1996,482
GE,1997,595
GE,1998,547
GE,1999,746
GE,2000,601
GE,2001,1014
GE,2002,987
GE,2003,989
GE,2004,1311
GE,2005,1509
GE,2006,1831
GE,2007,1867
GE,2008,1868
GH,1994,5778
GH,1995,2638
GH,1996,6474
GH,1997,7254
GH,1998,7757
GH,1999,6877
GH,2000,7316
GH,2001,7712
GH,2002,7732
GH,2003,7714
GH,2004,7259
GH,2005,7505
GH,2006,7786
GH,2007,7429
GH,2008,7904
GM,1995,778
GM,1996,743
GM,1997,820
GM,1998,900
GM,1999,861
GM,2002,1035
GM,2003,1040
GM,2004,1011
GM,2005,1127
GM,2006,1209
GM,2007,1238
GM,2008,1300
GN,1993,2082
GN,1994,2158
GN,1995,2263
GN,1996,2844
GN,1997,2981
GN,1998,3362
GN,1999,3563
GN,2000,3920
GN,2001,4092
GN,2002,4300
GN,2003,4495
GN,2004,5015
GN,2005,5479
GN,2006,5903
GN,2007,6199
GN,2008,6561
GQ,1995,219
GQ,1996,209
GQ,1997,226
GQ,1998,284
GQ,2004,406
GQ,2008,541
GR,1997,285
GR,1998,313
GR,1999,143
GR,2000,235
GR,2001,213
GR,2002,212
GR,2003,234
GR,2004,176
GR,2005,197
GR,2006,210
GR,2007,257
GR,2008,80
GT,1993,2128
GT,1994,1994
GT,1995,2368
GT,1996,2224
GT,1997,2218
GT,1998,2255
GT,1999,2264
GT,2000,2052
GT,2001,1669
GT,2002,1865
GT,2003,1795
GT,2004,2339
GT,2005,2420
GT,2006,2501
GT,2007,2348
GT,2008,2070
GU,1994,40
GU,2000,43
GU,2001,47
GU,2002,31
GU,2003,0
GU,2004,22
GU,2005,27
GU,2006,21
GU,2007,5
GU,2008,31
GW,1995,956
GW,1996,922
GW,1997,855
GW,1998,541
GW,1999,704
GW,2000,526
GW,2002,899
GW,2003,963
GW,2004,1186
GW,2005,1132
GW,2006,1030
GW,2008,1223
GY,1993,51
GY,1994,61
GY,1995,85
GY,1996,71
GY,1997,105
GY,1998,85
GY,1999,178
GY,2000,119
GY,2001,174
GY,2002,138
GY,2003,244
GY,2004,164
GY,2005,240
GY,2006,294
GY,2007,233
GY,2008,320
HK,1992,0
HK,1993,2429
HK,1995,0
HK,1996,1774
HK,1997,1943
HK,1998,2091
HK,1999,1536
HK,2000,1940
HK,2001,1857
HK,2002,1892
HK,2003,1794
HK,2004,1693
HK,2005,1561
HK,2006,1537
HK,2007,1501
HK,2008,1459
HN,1993,2016
HN,1994,2385
HN,1995,2306
HN,1996,1808
HN,1997,1928
HN,1998,2311
HN,1999,2415
HN,2000,3404
HN,2001,3141
HN,2002,3080
HN,2003,2139
HN,2004,2011
HN,2005,2069
HN,2006,2018
HN,2007,1974
HN,2008,1897
HR,1995,1204
HR,1996,1228
HR,1997,1073
HR,1998,1129
HR,1999,748
HR,2000,0
HR,2001,421
HR,2002,437
HR,2003,438
HR,2004,416
HR,2005,372
HR,2006,396
HR,2007,382
HR,2008,328
HT,1996,3524
HT,1997,5497
HT,1998,6442
HT,1999,6828
HT,2000,5887
HT,2001,5607
HT,2002,6188
HT,2003,7015
HT,2004,7044
HT,2005,7340
HT,2006,7461
HT,2007,7915
HT,2008,8171
HU,1993,1905
HU,1994,1357
HU,1995,796
HU,1996,1066
HU,1997,702
HU,1998,667
HU,1999,660
HU,2000,412
HU,2001,546
HU,2002,556
HU,2003,526
HU,2004,560
HU,2005,423
HU,2006,422
HU,2007,381
HU,2008,346
ID,1993,62966
ID,1994,49647
ID,1995,31768
ID,1996,11790
ID,1997,19492
ID,1998,32280
ID,1999,49172
ID,2000,52338
ID,2001,53965
ID,2002,76230
ID,2003,92566
ID,2004,128981
ID,2005,158640
ID,2006,175320
ID,2007,160617
ID,2008,166376
IE,1996,339
IE,1997,123
IE,1998,116
IE,1999,117
IE,2000,138
IE,2001,123
IE,2002,100
IE,2003,141
IE,2004,127
IE,2005,130
IE,2006,133
IE,2007,135
IE,2008,123
IL,1993,150
IL,1994,129
IL,1996,147
IL,1997,207
IL,1998,221
IL,1999,170
IL,2000,17
IL,2001,172
IL,2002,164
IL,2003,150
IL,2004,91
IL,2005,98
IL,2006,72
IL,2007,143
IL,2008,173
IN,1993,225256
IN,1994,226543
IN,1995,264515
IN,1996,290953
IN,1997,274877
IN,1998,278275
IN,1999,345150
IN,2000,349374
IN,2001,384827
IN,2002,395833
IN,2003,433564
IN,2004,489195
IN,2005,508890
IN,2006,553851
IN,2007,592587
IN,2008,615977
IQ,1988,1550
IQ,1989,1231
IQ,1990,1587
IQ,1991,1512
IQ,1992,2304
IQ,1993,5240
IQ,1994,5781
IQ,1995,3194
IQ,1996,10320
IQ,1997,8164
IQ,1998,8933
IQ,1999,9908
IQ,2000,3194
IQ,2001,3559
IQ,2002,3895
IQ,2003,3577
IQ,2004,3381
IQ,2005,3096
IQ,2006,2886
IQ,2007,2726
IQ,2008,3150
IR,1994,4615
IR,1995,5347
IR,1996,5373
IR,1997,5253
IR,1998,5105
IR,1999,5426
IR,2000,5361
IR,2001,5529
IR,2002,5366
IR,2003,5188
IR,2004,4900
IR,2005,4581
IR,2006,4802
IR,2007,4701
IR,2008,4722
IS,1994,6
IS,1995,2
IS,1996,1
IS,1997,4
IS,1998,2
IS,1999,2
IS,2000,1
IS,2001,3
IS,2002,2
IS,2003,1
IS,2004,2
IS,2005,2
IS,2006,4
IS,2007,2
IS,2008,2
IT,1994,1441
IT,1995,1413
IT,1996,1738
IT,1997,1903
IT,1998,2361
IT,1999,1277
IT,2000,687
IT,2001,1361
IT,2002,1275
IT,2003,1481
IT,2004,1058
IT,2005,1275
IT,2006,1377
IT,2007,979
IT,2008,938
JM,1993,83
JM,1994,61
JM,1995,93
JM,1996,81
JM,1997,84
JM,1998,90
JM,1999,90
JM,2000,90
JM,2001,75
JM,2002,60
JM,2003,81
JM,2004,69
JM,2005,53
JM,2006,61
JM,2007,78
JM,2008,78
JO,1993,173
JO,1994,161
JO,1995,187
JO,1996,170
JO,1997,136
JO,1998,110
JO,1999,102
JO,2000,89
JO,2001,94
JO,2002,91
JO,2003,108
JO,2004,91
JO,2005,86
JO,2006,104
JO,2007,109
JO,2008,104
JP,1993,17890
JP,1994,16770
JP,1995,14367
JP,1996,12867
JP,1997,13571
JP,1998,11935
JP,1999,12909
JP,2000,11853
JP,2001,11408
JP,2002,10807
JP,2003,10843
JP,2004,10471
JP,2005,10931
JP,2006,10159
JP,2007,9433
JP,2008,8995
KE,1987,5900
KE,1988,6400
KE,1989,6600
KE,1990,6800
KE,1991,7000
KE,1992,7700
KE,1993,10149
KE,1994,11324
KE,1995,13934
KE,1996,16978
KE,1997,19040
KE,1998,24029
KE,1999,27197
KE,2000,28773
KE,2001,31307
KE,2002,34337
KE,2003,38158
KE,2004,41167
KE,2005,40389
KE,2006,39154
KE,2007,38360
KE,2008,36811
KG,1994,681
KG,1995,832
KG,1996,991
KG,1997,1536
KG,1998,830
KG,1999,1642
KG,2000,1296
KG,2001,0
KG,2002,1587
KG,2003,1643
KG,2004,1761
KG,2005,1972
KG,2006,1833
KG,2007,1720
KG,2008,1712
KH,1994,11058
KH,1995,11101
KH,1996,12065
KH,1997,12686
KH,1998,13865
KH,1999,15744
KH,2000,14822
KH,2001,14361
KH,2002,17258
KH,2003,18923
KH,2004,18978
KH,2005,21001
KH,2006,19294
KH,2007,19421
KH,2008,19860
KI,1993,99
KI,1994,184
KI,1996,144
KI,1997,50
KI,1998,52
KI,1999,59
KI,2000,54
KI,2001,64
KI,2002,82
KI,2003,99
KI,2004,142
KI,2005,124
KI,2006,129
KI,2007,103
KI,2008,147
KM,1995,103
KM,1996,107
KM,1997,100
KM,1998,99
KM,1999,112
KM,2000,87
KM,2001,92
KM,2002,72
KM,2003,48
KM,2004,63
KM,2005,79
KM,2006,67
KM,2008,77
KN,1993,2
KN,1994,2
KN,1995,4
KN,1996,2
KN,1998,4
KN,1999,2
KN,2000,0
KN,2001,0
KN,2002,1
KN,2004,0
KN,2005,0
KN,2006,1
KN,2007,4
KN,2008,5
KP,1997,3980
KP,1998,403
KP,1999,5073
KP,2000,16440
KP,2001,14429
KP,2002,18576
KP,2003,17392
KP,2004,18479
KP,2005,17796
KP,2006,18435
KP,2007,23575
KP,2008,28026
KR,1993,16630
KR,1994,13266
KR,1995,11754
KR,1996,11420
KR,1997,9957
KR,1998,10359
KR,1999,9559
KR,2000,8216
KR,2001,11805
KR,2002,11345
KR,2003,10976
KR,2004,11471
KR,2005,11638
KR,2006,11513
KR,2007,10927
KR,2008,11048
KW,1993,148
KW,1994,155
KW,1995,175
KW,1996,153
KW,1997,201
KW,1998,185
KW,1999,169
KW,2000,180
KW,2001,174
KW,2002,206
KW,2003,201
KW,2004,247
KW,2005,187
KW,2006,284
KW,2007,274
KW,2008,345
KY,1993,2
KY,1995,0
KY,1996,0
KY,1997,0
KY,1998,2
KY,1999,2
KY,2000,5
KY,2001,1
KY,2002,0
KY,2003,0
KY,2004,1
KY,2006,0
KY,2007,1
KZ,1995,3022
KZ,1996,4290
KZ,1997,4332
KZ,1998,6180
KZ,1999,6977
KZ,2000,8903
KZ,2001,9079
KZ,2002,9452
KZ,2003,8665
KZ,2004,7927
KZ,2005,6911
KZ,2006,6205
KZ,2007,6195
KZ,2008,6193
LA,1995,478
LA,1996,886
LA,1997,1234
LA,1998,1494
LA,1999,1706
LA,2000,1526
LA,2001,1563
LA,2002,1829
LA,2003,1866
LA,2004,2226
LA,2005,2806
LA,2006,3041
LA,2007,3080
LA,2008,3079
LB,1994,148
LB,1995,197
LB,1996,198
LB,1997,206
LB,1998,224
LB,1999,249
LB,2000,202
LB,2001,171
LB,2002,148
LB,2003,134
LB,2004,146
LB,2005,131
LB,2006,112
LB,2007,143
LB,2008,158
LC,1994,17
LC,1995,11
LC,1996,22
LC,1997,14
LC,1998,10
LC,1999,9
LC,2000,7
LC,2001,6
LC,2002,8
LC,2003,8
LC,2004,11
LC,2005,11
LC,2006,13
LC,2007,18
LC,2008,18
LK,1984,2608
LK,1985,1935
LK,1986,2360
LK,1987,2557
LK,1988,2764
LK,1989,2474
LK,1990,2769
LK,1991,3023
LK,1992,3218
LK,1993,3335
LK,1994,3405
LK,1995,3049
LK,1996,2958
LK,1997,3506
LK,1998,3761
LK,1999,3911
LK,2000,4314
LK,2001,4316
LK,2002,4297
LK,2003,4321
LK,2004,4302
LK,2005,4868
LK,2006,4442
LK,2007,4528
LK,2008,4683
LR,1993,1547
LR,1995,1154
LR,1996,668
LR,1998,1190
LR,2000,1021
LR,2001,934
LR,2002,1974
LR,2003,1319
LR,2004,2490
LR,2005,2167
LR,2006,2906
LR,2008,3038
LS,1993,1405
LS,1994,1330
LS,1995,1361
LS,1996,1788
LS,1997,2398
LS,1998,2476
LS,1999,2729
LS,2000,3041
LS,2002,3167
LS,2003,3652
LS,2004,4272
LS,2005,4280
LS,2006,4024
LS,2007,788
LS,2008,3862
LT,1993,688
LT,1995,979
LT,1996,1121
LT,1997,1200
LT,1998,787
LT,1999,787
LT,2000,776
LT,2001,935
LT,2002,822
LT,2003,912
LT,2004,863
LT,2005,964
LT,2006,1029
LT,2007,925
LT,2008,884
LU,1996,29
LU,1997,31
LU,1998,24
LU,2000,21
LU,2001,11
LU,2002,17
LU,2003,31
LU,2004,20
LU,2005,14
LU,2006,22
LU,2007,0
LU,2008,0
LV,1993,470
LV,1995,504
LV,1996,575
LV,1997,634
LV,1998,668
LV,1999,588
LV,2000,637
LV,2001,661
LV,2002,636
LV,2003,641
LV,2004,582
LV,2005,536
LV,2006,498
LV,2007,478
LV,2008,400
LY,1996,515
LY,1999,803
LY,2000,607
LY,2002,722
LY,2003,764
LY,2004,872
LY,2005,860
LY,2006,745
LY,2007,772
LY,2008,871
MA,1995,14171
MA,1996,14278
MA,1997,14134
MA,1998,13426
MA,1999,13420
MA,2000,12872
MA,2001,12804
MA,2002,12914
MA,2003,12842
MA,2004,12280
MA,2005,12757
MA,2006,12280
MA,2007,11937
MA,2008,11825
MC,1996,0
MC,1997,0
MC,1998,0
MC,1999,2
MC,2000,0
MC,2001,0
MC,2002,0
MD,1993,615
MD,1994,704
MD,1995,665
MD,1996,219
MD,1997,397
MD,1998,477
MD,1999,609
MD,2000,651
MD,2001,1060
MD,2002,1146
MD,2003,1214
MD,2004,1536
MD,2005,1696
MD,2006,1679
MD,2007,1610
MD,2008,1533
ME,2005,64
ME,2006,58
ME,2007,41
ME,2008,65
MG,1993,6881
MG,1994,7366
MG,1995,8026
MG,1996,8456
MG,1998,9639
MG,2001,11092
MG,2002,11387
MG,2003,12881
MG,2004,13526
MG,2005,13056
MG,2006,15613
MG,2007,15344
MG,2008,15391
MH,1993,12
MH,1996,12
MH,1998,11
MH,1999,17
MH,2000,11
MH,2001,15
MH,2002,18
MH,2003,20
MH,2004,39
MH,2005,48
MH,2006,45
MH,2007,19
MH,2008,28
MK,1995,319
MK,1996,209
MK,1997,192
MK,1998,179
MK,1999,122
MK,2000,167
MK,2001,164
MK,2002,200
MK,2003,200
MK,2004,200
MK,2005,178
MK,2006,178
MK,2007,200
MK,2008,188
ML,1994,1740
ML,1995,1866
ML,1996,2173
ML,1997,3178
ML,1998,2558
ML,1999,2690
ML,2000,2527
ML,2002,2757
ML,2003,3015
ML,2004,3069
ML,2005,3523
ML,2006,3802
ML,2007,3894
ML,2008,4734
MM,1994,946
MM,1995,8681
MM,1996,9716
MM,1997,9695
MM,1998,10089
MM,1999,11458
MM,2000,17254
MM,2001,21161
MM,2002,24162
MM,2003,27448
MM,2004,31408
MM,2005,36541
MM,2006,40241
MM,2007,42588
MM,2008,41248
MN,1980,0
MN,1982,0
MN,1983,0
MN,1984,0
MN,1985,0
MN,1986,0
MN,1987,0
MN,1988,0
MN,1989,0
MN,1990,0
MN,1992,0
MN,1993,0
MN,1994,145
MN,1995,455
MN,1996,769
MN,1997,1171
MN,1998,1356
MN,1999,1513
MN,2000,1389
MN,2001,1631
MN,2002,1670
MN,2003,1541
MN,2004,1808
MN,2005,1868
MN,2006,2129
MN,2007,1856
MN,2008,1838
MO,1993,108
MO,1995,141
MO,1996,258
MO,1997,325
MO,1998,276
MO,2000,160
MO,2001,157
MO,2002,147
MO,2003,138
MO,2004,128
MO,2005,136
MO,2006,144
MO,2007,138
MO,2008,139
MP,1995,14
MP,1996,26
MP,1997,21
MP,1998,26
MP,1999,15
MP,2000,27
MP,2001,19
MP,2002,21
MP,2003,16
MP,2004,14
MP,2005,15
MP,2006,15
MP,2007,14
MP,2008,13
MR,1995,2074
MR,1997,2519
MR,1998,1172
MR,1999,2051
MR,2000,1583
MR,2004,1662
MR,2005,1155
MR,2006,1486
MR,2007,1714
MR,2008,1605
MS,1994,0
MS,1998,1
MS,1999,2
MS,2000,0
MS,2001,0
MS,2002,0
MS,2003,1
MS,2004,0
MS,2005,1
MS,2006,0
MS,2007,1
MT,1993,13
MT,1994,6
MT,1995,5
MT,1996,5
MT,1997,3
MT,1998,6
MT,1999,9
MT,2000,5
MT,2001,3
MT,2002,5
MT,2003,2
MT,2004,2
MT,2005,5
MT,2006,4
MT,2007,8
MT,2008,15
MU,1995,113
MU,1996,99
MU,1997,112
MU,1998,109
MU,1999,122
MU,2000,115
MU,2001,85
MU,2002,86
MU,2003,99
MU,2004,117
MU,2005,110
MU,2006,85
MU,2007,86
MU,2008,85
MV,1993,126
MV,1994,125
MV,1995,114
MV,1996,106
MV,1997,95
MV,1998,88
MV,1999,88
MV,2000,65
MV,2001,59
MV,2002,60
MV,2003,68
MV,2004,66
MV,2005,66
MV,2006,53
MV,2007,59
MV,2008,53
MW,1985,2277
MW,1986,2874
MW,1987,3269
MW,1988,3166
MW,1989,3546
MW,1990,4301
MW,1991,4059
MW,1992,4630
MW,1993,5692
MW,1994,5988
MW,1995,6285
MW,1996,6703
MW,1997,7587
MW,1998,8765
MW,1999,8132
MW,2000,8260
MW,2001,8309
MW,2002,7703
MW,2003,7716
MW,2004,8566
MW,2005,8443
MW,2006,8166
MW,2007,7608
MW,2008,7627
MX,1993,8164
MX,1994,9726
MX,1995,9220
MX,1996,8495
MX,1997,15440
MX,1998,11473
MX,1999,11968
MX,2000,11676
MX,2001,15103
MX,2002,11555
MX,2003,12933
MX,2004,11214
MX,2005,11997
MX,2006,11874
MX,2007,11531
MX,2008,11903
MY,1993,6954
MY,1994,6861
MY,1995,6688
MY,1996,7271
MY,1997,7496
MY,1998,7802
MY,1999,8207
MY,2000,8156
MY,2001,8309
MY,2002,7958
MY,2003,7989
MY,2004,7843
MY,2005,8446
MY,2006,9414
MY,2007,9578
MY,2008,10441
MZ,1993,9526
MZ,1994,9677
MZ,1995,10566
MZ,1996,10478
MZ,1997,11116
MZ,1998,12116
MZ,1999,12825
MZ,2000,13257
MZ,2001,13967
MZ,2002,15236
MZ,2003,16138
MZ,2004,17058
MZ,2005,17877
MZ,2006,18275
MZ,2007,18214
MZ,2008,18824
-1,1995,697
-1,1996,2849
-1,1997,3220
-1,1998,3598
-1,1999,3760
-1,2000,4012
-1,2001,4535
-1,2002,4689
-1,2003,5487
-1,2004,5155
-1,2005,5222
-1,2006,5356
-1,2007,5091
-1,2008,4828
NC,1993,16
NC,1994,28
NC,1995,21
NC,1996,26
NC,1997,24
NC,1998,26
NC,1999,22
NC,2000,20
NC,2001,19
NC,2002,21
NC,2003,12
NC,2004,15
NC,2005,16
NC,2006,9
NC,2007,12
NC,2008,9
NE,1993,463
NE,1994,1865
NE,1995,1492
NE,1997,3452
NE,1998,3195
NE,1999,2631
NE,2000,3045
NE,2001,3476
NE,2002,3495
NE,2003,4505
NE,2004,4311
NE,2005,5050
NE,2006,5279
NE,2007,5773
NE,2008,5853
NG,1993,1723
NG,1995,9476
NG,1996,10662
NG,1997,11235
NG,1998,13161
NG,1999,15903
NG,2000,17423
NG,2001,23410
NG,2002,21936
NG,2003,28173
NG,2004,33755
NG,2005,35048
NG,2006,39903
NG,2007,44016
NG,2008,46026
NI,1993,1714
NI,1994,1615
NI,1995,1568
NI,1996,1722
NI,1997,1670
NI,1998,1648
NI,1999,1564
NI,2000,1471
NI,2001,1510
NI,2002,1320
NI,2003,1404
NI,2004,1327
NI,2005,1253
NI,2006,1285
NI,2007,1453
NI,2008,1394
NL,1993,1063
NL,1995,575
NL,1996,358
NL,1997,312
NL,1998,254
NL,1999,308
NL,2000,289
NL,2001,307
NL,2002,330
NL,2003,282
NL,2004,360
NL,2005,237
NL,2006,203
NL,2007,187
NL,2008,189
NO,1994,86
NO,1995,62
NO,1996,103
NO,1997,100
NO,1998,49
NO,1999,21
NO,2000,37
NO,2001,59
NO,2002,31
NO,2003,52
NO,2004,50
NO,2005,48
NO,2006,46
NO,2007,38
NO,2008,53
NP,1993,6679
NP,1994,10442
NP,1995,8591
NP,1996,10365
NP,1997,11323
NP,1998,11306
NP,1999,13410
NP,2000,13683
NP,2001,13683
NP,2002,13714
NP,2003,14348
NP,2004,14614
NP,2005,14617
NP,2006,14028
NP,2007,14355
NP,2008,14640
NR,1994,2
NR,1999,2
NR,2000,4
NR,2001,2
NR,2002,2
NR,2003,1
NR,2005,0
NR,2006,2
NR,2007,3
NR,2008,2
NU,1993,0
NU,1994,0
NU,1995,0
NU,1996,1
NU,1997,0
NU,1998,0
NU,1999,1
NU,2000,0
NU,2001,0
NU,2002,1
NU,2003,0
NU,2004,0
NU,2005,0
NU,2006,0
NU,2007,0
NZ,1993,91
NZ,1994,61
NZ,1995,78
NZ,1996,90
NZ,1997,83
NZ,1998,106
NZ,1999,94
NZ,2000,74
NZ,2001,68
NZ,2002,88
NZ,2003,106
NZ,2004,111
NZ,2005,83
NZ,2006,97
NZ,2007,81
NZ,2008,101
OM,1993,123
OM,1994,135
OM,1995,135
OM,1996,164
OM,1997,165
OM,1998,156
OM,1999,120
OM,2000,164
OM,2001,156
OM,2002,151
OM,2003,110
OM,2004,160
OM,2005,131
OM,2006,184
OM,2007,187
OM,2008,171
PA,1993,1046
PA,1994,748
PA,1995,1066
PA,1996,904
PA,1997,592
PA,1998,1393
PA,1999,432
PA,2000,460
PA,2001,671
PA,2002,773
PA,2003,778
PA,2004,884
PA,2005,860
PA,2006,858
PA,2007,833
PA,2008,829
PE,1993,35646
PE,1994,33925
PE,1995,32096
PE,1996,26800
PE,1997,27498
PE,1998,27707
PE,1999,24511
PE,2000,22580
PE,2001,21685
PE,2002,20533
PE,2003,18504
PE,2004,18289
PE,2005,18490
PE,2006,19251
PE,2007,17796
PE,2008,17989
PF,1994,38
PF,1996,37
PF,1997,41
PF,1998,34
PF,1999,33
PF,2000,29
PF,2001,0
PF,2002,28
PF,2003,21
PF,2004,30
PF,2005,21
PF,2006,24
PF,2007,19
PF,2008,20
PG,1995,1652
PG,1996,447
PG,1997,1195
PG,1998,2107
PG,1999,2140
PG,2000,1933
PG,2001,1351
PG,2002,1345
PG,2003,2310
PG,2004,1896
PG,2005,1805
PG,2006,1948
PG,2007,2087
PG,2008,2323
PH,1993,92279
PH,1994,87401
PH,1995,94768
PH,1996,86695
PH,1997,80163
PH,1998,69476
PH,1999,73373
PH,2000,67056
PH,2001,59341
PH,2002,65148
PH,2003,72670
PH,2004,78163
PH,2005,81647
PH,2006,85740
PH,2007,86566
PH,2008,85025
PK,1993,11020
PK,1995,2578
PK,1996,1849
PK,1998,14974
PK,1999,6248
PK,2000,3285
PK,2001,10935
PK,2002,16380
PK,2003,21301
PK,2004,31557
PK,2005,48319
PK,2006,65253
PK,2007,88747
PK,2008,100102
PL,1993,7606
PL,1994,4000
PL,1995,6955
PL,1996,6819
PL,1997,3497
PL,1998,3502
PL,1999,3177
PL,2000,3180
PL,2001,3155
PL,2002,3060
PL,2003,2983
PL,2004,2777
PL,2005,2823
PL,2006,2835
PL,2007,2827
PL,2008,2650
PR,1993,122
PR,1994,139
PR,1995,128
PR,1996,110
PR,1997,126
PR,1998,106
PR,1999,106
PR,2000,81
PR,2001,74
PR,2002,78
PR,2003,62
PR,2004,65
PR,2005,60
PR,2006,69
PR,2007,56
PR,2008,52
PS,1995,9
PS,1996,24
PS,1998,8
PS,2000,37
PS,2001,31
PS,2003,15
PS,2004,4
PS,2005,7
PS,2006,16
PS,2007,13
PS,2008,16
PT,1994,2072
PT,1995,2019
PT,1996,1938
PT,1997,1628
PT,1998,2016
PT,1999,1801
PT,2000,1863
PT,2001,2042
PT,2002,1976
PT,2003,1742
PT,2004,1514
PT,2005,1302
PT,2006,1300
PT,2007,1173
PT,2008,1053
PW,1993,8
PW,1994,11
PW,1995,9
PW,1996,4
PW,1997,7
PW,1999,20
PW,2002,9
PW,2003,5
PW,2004,5
PW,2005,3
PW,2006,6
PW,2007,5
PY,1990,993
PY,1991,943
PY,1992,862
PY,1993,985
PY,1994,873
PY,1995,748
PY,1996,894
PY,1997,859
PY,1998,850
PY,1999,1041
PY,2000,900
PY,2001,915
PY,2002,1004
PY,2003,1166
PY,2004,1199
PY,2005,1260
PY,2006,1452
PY,2007,1276
PY,2008,1345
QA,1995,60
QA,1996,46
QA,1997,39
QA,1998,69
QA,1999,58
QA,2000,53
QA,2001,77
QA,2002,64
QA,2003,95
QA,2004,73
QA,2005,96
QA,2006,115
QA,2007,116
QA,2008,201
RO,1993,9339
RO,1994,10385
RO,1995,10469
RO,1996,10359
RO,1997,11666
RO,1998,10841
RO,1999,10317
RO,2000,10202
RO,2001,11184
RO,2002,10703
RO,2003,10418
RO,2004,10888
RO,2005,10801
RO,2006,9814
RO,2007,9425
RO,2008,9511
RS,2005,1105
RS,2006,1136
RS,2007,1146
RS,2008,848
RU,1994,30389
RU,1995,37512
RU,1996,42534
RU,1997,42094
RU,1998,42219
RU,1999,21744
RU,2000,27467
RU,2001,26605
RU,2002,27865
RU,2003,28868
RU,2004,30890
RU,2005,32605
RU,2006,32335
RU,2007,33103
RU,2008,33949
RW,1995,1840
RW,1996,2034
RW,1997,2820
RW,1998,4417
RW,1999,4298
RW,2000,3681
RW,2001,3252
RW,2002,3956
RW,2003,4627
RW,2004,4179
RW,2005,4166
RW,2006,4220
RW,2007,4053
RW,2008,4173
SA,1993,800
SA,1997,1568
SA,1998,1644
SA,1999,1680
SA,2000,1595
SA,2001,1686
SA,2002,1674
SA,2003,1646
SA,2004,1683
SA,2005,1722
SA,2006,1914
SA,2007,1984
SA,2008,2108
SB,1993,155
SB,1994,114
SB,1995,109
SB,1996,90
SB,1997,113
SB,1998,140
SB,1999,93
SB,2000,109
SB,2001,118
SB,2002,108
SB,2003,138
SB,2004,152
SB,2005,169
SB,2006,124
SB,2007,142
SB,2008,140
SC,1993,2
SC,1995,6
SC,1996,11
SC,1997,13
SC,1998,9
SC,1999,10
SC,2000,11
SC,2001,12
SC,2002,9
SC,2003,5
SC,2004,13
SC,2005,8
SC,2008,4
SD,1994,3728
SD,1995,8761
SD,1996,8978
SD,1997,10835
SD,1998,10820
SD,1999,11047
SD,2000,12311
SD,2001,11136
SD,2002,10338
SD,2003,11003
SD,2004,12095
SD,2005,12730
SD,2006,12194
SD,2007,12627
SD,2008,10800
SE,1993,312
SE,1994,106
SE,1995,102
SE,1996,90
SE,1997,94
SE,1998,97
SE,1999,117
SE,2000,118
SE,2001,105
SE,2002,109
SE,2003,109
SE,2004,120
SE,2005,134
SE,2006,106
SE,2007,96
SE,2008,97
SG,1993,513
SG,1994,861
SG,1995,455
SG,1996,519
SG,1997,436
SG,1998,482
SG,1999,465
SG,2000,248
SG,2001,357
SG,2002,549
SG,2003,583
SG,2004,501
SG,2005,552
SG,2006,537
SG,2007,504
SG,2008,525
SI,1993,361
SI,1994,294
SI,1995,303
SI,1996,221
SI,1997,156
SI,1998,157
SI,1999,165
SI,2000,145
SI,2001,139
SI,2002,130
SI,2003,116
SI,2004,89
SI,2005,109
SI,2006,83
SI,2007,90
SI,2008,81
SK,1993,882
SK,1994,409
SK,1995,788
SK,1996,760
SK,1997,283
SK,1998,303
SK,1999,246
SK,2000,236
SK,2001,226
SK,2002,202
SK,2003,200
SK,2004,157
SK,2005,162
SK,2006,160
SK,2007,176
SK,2008,126
SL,1994,1408
SL,1995,1454
SL,1996,2234
SL,1997,2296
SL,1998,2262
SL,2000,2472
SL,2001,2692
SL,2002,2938
SL,2003,3113
SL,2004,3735
SL,2005,4370
SL,2006,4629
SL,2007,5347
SL,2008,5826
SM,1996,0
SM,1997,1
SM,1998,0
SM,1999,0
SM,2000,1
SM,2001,0
SM,2002,0
SM,2003,0
SM,2004,0
SN,1994,4599
SN,1995,5421
SN,1996,5949
SN,1997,5430
SN,1998,5454
SN,1999,5011
SN,2000,5823
SN,2001,6094
SN,2002,5796
SN,2003,6587
SN,2004,6437
SN,2005,6722
SN,2006,6882
SN,2007,7108
SN,2008,7584
SO,1994,1168
SO,1995,1572
SO,1996,2894
SO,1997,3093
SO,1998,3121
SO,1999,3461
SO,2000,3776
SO,2001,4640
SO,2002,4818
SO,2003,5190
SO,2004,6479
SO,2005,7068
SO,2006,6861
SO,2007,6130
SO,2008,6520
SR,1996,39
SR,1997,31
SR,1998,32
SR,1999,36
SR,2000,37
SR,2001,36
SR,2002,42
SR,2003,35
SR,2004,37
SR,2005,49
SR,2006,63
SR,2008,68
ST,1999,30
ST,2000,30
ST,2001,41
ST,2002,42
ST,2003,33
ST,2004,50
ST,2005,49
ST,2006,36
ST,2007,58
ST,2008,52
SV,1993,2471
SV,1994,2144
SV,1996,965
SV,1997,882
SV,1998,1071
SV,1999,1023
SV,2000,1008
SV,2001,1003
SV,2002,980
SV,2003,870
SV,2004,926
SV,2005,1059
SV,2006,913
SV,2007,942
SV,2008,985
SY,1995,1295
SY,1996,1523
SY,1997,1423
SY,1998,1593
SY,1999,1577
SY,2000,1584
SY,2001,1507
SY,2002,1447
SY,2003,1545
SY,2004,1561
SY,2005,1350
SY,2006,1352
SY,2007,1155
SY,2008,1116
SZ,1995,660
SZ,1996,2226
SZ,1999,1781
SZ,2000,1823
SZ,2001,1279
SZ,2002,1410
SZ,2003,1585
SZ,2004,1902
SZ,2005,2187
SZ,2006,2539
SZ,2007,2764
SZ,2008,3105
TC,1999,2
TC,2001,1
TC,2002,2
TC,2003,6
TC,2006,7
TD,1995,2002
TD,1996,870
TD,1999,2920
TD,2002,3519
TD,2003,3599
TD,2004,2270
TD,2005,2516
TD,2007,2513
TD,2008,3309
TG,1993,545
TG,1995,887
TG,1996,913
TG,1997,935
TG,1998,904
TG,1999,904
TG,2000,984
TG,2002,1203
TG,2003,1306
TG,2004,1608
TG,2005,1798
TG,2006,2131
TG,2007,1796
TG,2008,2234
TH,1994,20260
TH,1995,20273
TH,1996,16997
TH,1997,13214
TH,1998,7962
TH,1999,14934
TH,2000,17754
TH,2001,28363
TH,2002,25593
TH,2003,28459
TH,2004,28421
TH,2005,29762
TH,2006,29081
TH,2007,28487
TH,2008,28788
TJ,1995,1042
TJ,1996,232
TJ,1997,373
TJ,1998,435
TJ,1999,0
TJ,2000,434
TJ,2001,719
TJ,2002,687
TJ,2003,0
TJ,2004,1058
TJ,2005,1745
TJ,2006,2051
TJ,2007,2228
TJ,2008,2057
TK,1994,0
TK,1995,1
TK,1996,0
TK,1999,0
TK,2000,0
TK,2001,0
TK,2003,0
TK,2005,0
TK,2006,0
TK,2007,0
TK,2008,0
TL,2002,1090
TL,2003,1027
TL,2004,1014
TL,2005,1035
TL,2006,907
TL,2007,1021
TL,2008,867
TM,1993,472
TM,1995,544
TM,1996,557
TM,1997,764
TM,1998,790
TM,1999,964
TM,2000,1017
TM,2001,1243
TM,2002,1254
TM,2003,1197
TM,2004,1103
TM,2005,995
TM,2006,1155
TM,2007,1378
TM,2008,1331
TN,1993,1006
TN,1994,983
TN,1995,1243
TN,1996,1005
TN,1998,1196
TN,1999,1066
TN,2000,1099
TN,2001,1077
TN,2002,927
TN,2003,878
TN,2004,944
TN,2005,915
TN,2006,922
TN,2007,941
TN,2008,1005
TO,1993,16
TO,1994,17
TO,1995,9
TO,1996,14
TO,1997,11
TO,1998,16
TO,1999,10
TO,2000,15
TO,2001,8
TO,2002,23
TO,2003,11
TO,2004,8
TO,2005,11
TO,2006,14
TO,2007,14
TO,2008,11
TR,1995,4383
TR,1996,2816
TR,1997,3439
TR,1998,3692
TR,1999,4124
TR,2000,4315
TR,2001,4444
TR,2002,0
TR,2003,5816
TR,2004,5870
TR,2005,7450
TR,2006,7866
TR,2007,7527
TR,2008,6993
TT,1994,55
TT,1995,7
TT,1996,58
TT,1997,52
TT,1998,82
TT,1999,87
TT,2000,115
TT,2001,152
TT,2002,60
TT,2003,77
TT,2004,71
TT,2005,95
TT,2006,149
TT,2007,130
TT,2008,169
TV,1993,2
TV,1994,1
TV,1995,6
TV,1999,0
TV,2000,0
TV,2001,0
TV,2002,0
TV,2003,0
TV,2005,5
TV,2006,4
TV,2007,12
TV,2008,9
TZ,1980,7391
TZ,1981,7082
TZ,1982,6382
TZ,1983,6651
TZ,1984,7520
TZ,1985,8020
TZ,1986,8560
TZ,1987,9272
TZ,1988,10038
TZ,1989,10479
TZ,1990,11553
TZ,1991,12008
TZ,1992,13510
TZ,1993,15569
TZ,1994,17164
TZ,1995,19955
TZ,1996,21472
TZ,1997,22010
TZ,1998,23726
TZ,1999,24125
TZ,2000,24049
TZ,2001,24685
TZ,2002,24136
TZ,2003,24899
TZ,2004,25823
TZ,2005,25264
TZ,2006,24724
TZ,2007,24520
TZ,2008,24171
UA,1993,8314
UA,1994,8471
UA,1995,8263
UA,1996,7827
UA,1997,9533
UA,1998,10586
UA,1999,10412
UA,2000,10738
UA,2001,0
UA,2002,0
UA,2003,12785
UA,2004,0
UA,2006,14206
UA,2007,11028
UA,2008,14574
UG,1993,11949
UG,1994,14763
UG,1995,13631
UG,1996,15312
UG,1997,17254
UG,1998,18222
UG,1999,18463
UG,2000,17246
UG,2001,17291
UG,2002,19088
UG,2003,20310
UG,2004,20986
UG,2005,20559
UG,2006,20364
UG,2007,21303
UG,2008,22766
US,1993,9429
US,1994,8964
US,1995,8093
US,1996,7454
US,1997,6935
US,1998,6624
US,1999,6275
US,2000,5883
US,2001,5650
US,2002,5439
US,2003,5368
US,2004,5277
US,2005,5111
US,2006,5091
US,2007,4864
US,2008,4742
UY,1993,388
UY,1994,381
UY,1995,349
UY,1996,426
UY,1997,423
UY,1998,374
UY,1999,392
UY,2000,348
UY,2001,340
UY,2002,308
UY,2003,373
UY,2004,373
UY,2005,355
UY,2006,305
UY,2007,380
UY,2008,424
UZ,1994,7487
UZ,1995,2735
UZ,1996,3350
UZ,1997,3388
UZ,1998,3504
UZ,1999,3977
UZ,2000,3825
UZ,2001,4608
UZ,2002,4783
UZ,2003,4690
UZ,2004,5119
UZ,2005,5695
UZ,2006,7211
UZ,2007,6326
UZ,2008,5117
VC,1993,11
VC,1994,0
VC,1995,5
VC,1996,3
VC,1997,2
VC,1998,3
VC,1999,4
VC,2000,9
VC,2001,3
VC,2002,0
VC,2003,6
VC,2004,5
VC,2005,6
VC,2006,8
VC,2007,4
VC,2008,11
VE,1993,2849
VE,1994,2738
VE,1995,3056
VE,1996,3195
VE,1997,3234
VE,1998,3450
VE,1999,3670
VE,2000,3525
VE,2001,3476
VE,2002,3444
VE,2003,3882
VE,2004,3776
VE,2005,3653
VE,2006,3547
VE,2007,3392
VE,2008,3344
VG,1997,0
VG,2000,1
VG,2001,0
VG,2002,1
VG,2003,0
VG,2004,2
VG,2005,0
VG,2007,0
VI,1995,2
VI,1996,5
VN,1995,37550
VN,1996,48911
VN,1997,50016
VN,1998,54889
VN,1999,53805
VN,2000,53169
VN,2001,54238
VN,2002,56698
VN,2003,55937
VN,2004,58394
VN,2005,55492
VN,2006,56437
VN,2007,54457
VN,2008,53484
VU,1994,62
VU,1995,30
VU,1996,50
VU,1997,66
VU,1998,38
VU,1999,43
VU,2000,63
VU,2001,57
VU,2002,38
VU,2003,40
VU,2004,59
VU,2005,35
VU,2006,42
VU,2007,41
VU,2008,45
WF,1995,3
WF,1996,3
WF,1997,1
WF,2001,1
WF,2002,1
WF,2003,7
WF,2005,1
WF,2007,1
WS,1993,21
WS,1994,18
WS,1995,15
WS,1996,9
WS,1997,14
WS,1998,7
WS,1999,17
WS,2000,13
WS,2001,11
WS,2002,19
WS,2003,12
WS,2004,11
WS,2005,11
WS,2006,13
WS,2008,6
YE,1988,0
YE,1989,0
YE,1990,0
YE,1991,0
YE,1992,0
YE,1993,0
YE,1994,0
YE,1995,3681
YE,1996,4371
YE,1997,4717
YE,1998,4896
YE,1999,5427
YE,2000,5565
YE,2001,4968
YE,2002,4259
YE,2003,3793
YE,2004,3434
YE,2005,3379
YE,2006,3342
YE,2007,3537
YE,2008,3540
YU,1995,1497
YU,1996,1783
YU,1997,1702
YU,1998,1873
YU,1999,2517
YU,2000,0
YU,2001,461
YU,2002,402
YU,2003,611
YU,2004,1244
ZA,1995,23112
ZA,1996,42163
ZA,1997,54073
ZA,1998,66047
ZA,1999,72098
ZA,2000,75967
ZA,2001,83808
ZA,2002,98799
ZA,2003,116364
ZA,2004,126268
ZA,2005,125460
ZA,2006,131099
ZA,2007,135604
ZA,2008,138803
ZM,1994,9620
ZM,1995,10038
ZM,1996,12072
ZM,1999,11645
ZM,2000,12927
ZM,2001,13024
ZM,2002,16351
ZM,2003,18934
ZM,2004,17247
ZM,2005,14857
ZM,2006,14025
ZM,2007,13378
ZM,2008,13211
ZW,1993,5331
ZW,1995,8965
ZW,1996,11965
ZW,1997,14512
ZW,1998,14492
ZW,1999,14414
ZW,2000,14392
ZW,2001,15370
ZW,2002,15941
ZW,2003,14488
ZW,2004,14581
ZW,2005,13155
ZW,2006,12718
ZW,2007,10583
ZW,2008,9830
